{
  "ж.к. Славия, ул. „Хайдушко изворче“ 8, 1618 София": [
    42.675596,
    23.2768794
  ],
  "ж.к. Гоце Делчев, бул. „Гоце Делчев“ 125, 1404 София": [
    42.6639113,
    23.3015859
  ],
  "Оборище, ул. „Черковна“ 84, 1505 София": [
    42.6924985,
    23.3513064
  ],
  "София център, бул. „Янко Сакъзов“ 48, 1504 София": [
    42.69624659999999,
    23.3419835
  ],
  "ж.к. Белите брези, ул. „Битоля“ 4, 1680 София": [
    42.6769389,
    23.2954399
  ],
  "София център, ул. „Сердика“ 18, 1000 София": [
    42.6997557,
    23.3245782
  ],
  "Хиподрума, ул. „Нишава“ 31, 1612 София": [
    42.6785157,
    23.2913151
  ],
  "ж.к. Стрелбище, ул. „Дедеагач“ 38, 1408 София": [
    42.67593,
    23.2992645
  ],
  "София център, бул. „Янко Сакъзов“ 41, 1527 София": [
    42.69646820000001,
    23.3409987
  ],
  "София център, ул. „Иван Денкоглу“ 38, 1000 София": [
    42.693658,
    23.3214312
  ],
  "пазар Иван Вазов - Юг, 1408 София": [
    42.676889,
    23.3047786
  ],
  "Хиподрума, бул. „Aкадемик Иван Евстратиев Гешов“ 50, 1612 София": [
    42.6846392,
    23.3005773
  ],
  "ж.к. Красно село, ул. „Ген. Стефан Тошев“ 31, 1618 София": [
    42.6692322,
    23.2798243
  ],
  "ж.к. Младост 4, ул. „Д-р Атанас Москов“ 469, 1715 София": [
    42.62714829999999,
    23.3797625
  ],
  "ж.к. Изток, ул. „Николай Хайтов“ 12, сграда 2, 1172 София": [
    42.67045,
    23.35236
  ],
  "ж.к. Бъкстон, ул. „Иван Сусанин“ 1, 1618 София": [
    42.6641551,
    23.2667195
  ],
  "ж.к. Младост 1, ул. „Йерусалим“ 54, 1784 София": [
    42.6543253,
    23.3722571
  ],
  "ж.к. Младост 3 (Гардения), бл. 387, 1712 София": [
    42.6395766,
    23.3840823
  ],
  "ж.к. Стрелбище, бул. „Гоце Делчев“ 113, 1404 София": [
    42.6707524,
    23.2963601
  ],
  "София център, бул. „Васил Левски“ 70, 1142 София": [
    42.6884162,
    23.3294922
  ],
  "ж.к. Яворов, ул. „Цар Иван Асен II“ 9, 1124 София": [
    42.6902757,
    23.3404068
  ],
  "София център, бул. „Княз Александър Дондуков\" 91-93, 1527 София": [
    42.6991722,
    23.3382005
  ],
  "София център, ул. „Алабин И. Вл.“ 14, 1000 София": [
    42.6947143,
    23.3163972
  ],
  "София център, ул. „Професор Фритьоф Нансен“ 35, 1142 София": [
    42.6848925,
    23.321286
  ],
  "София център, бул. „Васил Левски“ 128, 1527 София": [
    42.7015802,
    23.3341013
  ],
  "ж.к. Стрелбище, ул. „Червена роза“ 13, 1408 София": [
    42.67263880000001,
    23.2995221
  ],
  "ж.к. Красно село - кв. Борово, ул. „Ген. Стефан Тошев“ 10, 1680 София": [
    42.6724801,
    23.2850472
  ],
  "ж.к. Лозенец, ул. „Крум Попов“ 62, 1421 София": [
    42.6798626,
    23.3248309
  ],
  "Мотописта, ул. „Костенски водопад“ 41-47, 1404 София": [
    42.6657801,
    23.2997507
  ],
  "София център, ул. „Граф Игнатиев“ 78, 1142 София": [
    42.6866944,
    23.3304092
  ],
  "София център, бул. „Княз Александър Дондуков\" 26, 1000 София": [
    42.6980651,
    23.3297463
  ],
  "ж.к. Яворов, ул. „Цар Иван Асен II“ 27А, 1124 София": [
    42.6892621,
    23.3441279
  ],
  "София център, ул. „Любен Каравелов“ 21, 1142 София": [
    42.6873402,
    23.330064
  ],
  "София център, бул. „Васил Левски“ 50, 1142 София": [
    42.6871382,
    23.3271372
  ],
  "София център, ул. „Св. Св. Кирил и Методий 36, 1202 София": [
    42.7029634,
    23.3288097
  ],
  "Оборище": [
    42.5156846,
    24.080057
  ],
  "София център": [
    42.697705,
    23.3217462
  ],
  "ж.к. Яворов": [
    42.6856528,
    23.3482081
  ],
  "ж.к. Лозенец": [
    42.676266,
    23.3218551
  ],
  "ж.к. Гоце Делчев": [
    42.6632827,
    23.3006207
  ],
  "Оборище,  ул. „Черковна“ 84,  1505 София": [
    42.6924985,
    23.3513064
  ],
  "София център,  бул. „Янко Сакъзов“ 48,  1504 София": [
    42.69624659999999,
    23.3419835
  ],
  "София център,  ул. „Сердика“ 18,  1000 София": [
    42.6997557,
    23.3245782
  ],
  "София център,  бул. „Янко Сакъзов“ 41,  1527 София": [
    42.69646820000001,
    23.3409987
  ],
  "София център,  ул. „Иван Денкоглу“ 38,  1000 София": [
    42.693658,
    23.3214312
  ],
  "ж.к. Яворов,  ул. „Цар Иван Асен II“ 9,  1124 София": [
    42.6902757,
    23.3404068
  ],
  "София център, бул. „Княз Александър Дондуков\" 91-93, 1527 София, , ": [
    42.6991722,
    23.3382005
  ],
  "София център,  ул. „Алабин И. Вл.“ 14,  1000 София": [
    42.6947143,
    23.3163972
  ],
  "София център,  бул. „Васил Левски“ 128,  1527 София": [
    42.7015802,
    23.3341013
  ],
  "ж.к. Лозенец,  ул. „Крум Попов“ 62,  1421 София": [
    42.679871,
    23.3249462
  ],
  "София център, бул. „Княз Александър Дондуков\" 26, 1000 София, , ": [
    42.6980651,
    23.3297463
  ],
  "ж.к. Яворов,  ул. „Цар Иван Асен II“ 27А,  1124 София": [
    42.6892621,
    23.3441279
  ],
  "София център,  ул. „Любен Каравелов“ 21,  1142 София": [
    42.6873402,
    23.330064
  ],
  "София център,  бул. „Васил Левски“ 150,  София": [
    42.70391920000001,
    23.3333556
  ],
  "София център,  ул. „Св. Св. Кирил и Методий 36,  1202 София": [
    42.7029634,
    23.3288097
  ]
}